[{
        "gentilico": "afegane",
        "nomePais": "Afeganistao",
        "nomePaisInt": "Afghanistan",
        "sigla": "AF"
    }, {
        "gentilico": "sul-africana",
        "nomePais": "AfricadoSul",
        "nomePaisInt": "SouthAfrica",
        "sigla": "ZA"
    }, {
        "gentilico": "albanesa",
        "nomePais": "Albania",
        "nomePaisInt": "Albania",
        "sigla": "AL"
    }, {
        "gentilico": "alema",
        "nomePais": "Alemanha",
        "nomePaisInt": "Germany",
        "sigla": "DE"
    }, {
        "gentilico": "andorrana",
        "nomePais": "Andorra",
        "nomePaisInt": "Andorra",
        "sigla": "AD"
    }, {
        "gentilico": "angolana",
        "nomePais": "Angola",
        "nomePaisInt": "Angola",
        "sigla": "AO"
    }, {
        "gentilico": "anguillana",
        "nomePais": "Anguilla",
        "nomePaisInt": "Anguilla",
        "sigla": "AI"
    }, {
        "gentilico": "deantartida",
        "nomePais": "Antartida",
        "nomePaisInt": "Antarctica",
        "sigla": "AQ"
    }, {
        "gentilico": "antiguana",
        "nomePais": "AntiguaeBarbuda",
        "nomePaisInt": "Antigua&Barbuda",
        "sigla": "AG"
    }, {
        "gentilico": "saudita",
        "nomePais": "ArabiaSaudita",
        "nomePaisInt": "SaudiArabia",
        "sigla": "SA"
    }, {
        "gentilico": "argelina",
        "nomePais": "Argelia",
        "nomePaisInt": "Algeria",
        "sigla": "DZ"
    }, {
        "gentilico": "argentina",
        "nomePais": "Argentina",
        "nomePaisInt": "Argentina",
        "sigla": "AR"
    }, {
        "gentilico": "armenia",
        "nomePais": "Armenia",
        "nomePaisInt": "Armenia",
        "sigla": "AM"
    }, {
        "gentilico": "arubana",
        "nomePais": "Aruba",
        "nomePaisInt": "Aruba",
        "sigla": "AW"
    }, {
        "gentilico": "australiana",
        "nomePais": "Australia",
        "nomePaisInt": "Australia",
        "sigla": "AU"
    }, {
        "gentilico": "austriaca",
        "nomePais": "austria",
        "nomePaisInt": "Austria",
        "sigla": "AT"
    }, {
        "gentilico": "azerbaijano",
        "nomePais": "Azerbaijao",
        "nomePaisInt": "Azerbaijan",
        "sigla": "AZ"
    }, {
        "gentilico": "bahamense",
        "nomePais": "Bahamas",
        "nomePaisInt": "Bahamas",
        "sigla": "BS"
    }, {
        "gentilico": "barenita",
        "nomePais": "Bahrein",
        "nomePaisInt": "Bahrain",
        "sigla": "BH"
    }, {
        "gentilico": "bengali",
        "nomePais": "Bangladesh",
        "nomePaisInt": "Bangladesh",
        "sigla": "BD"
    }, {
        "gentilico": "barbadiana",
        "nomePais": "Barbados",
        "nomePaisInt": "Barbados",
        "sigla": "BB"
    }, {
        "gentilico": "bielo-russa",
        "nomePais": "Belarus",
        "nomePaisInt": "Belarus",
        "sigla": "BY"
    }, {
        "gentilico": "belga",
        "nomePais": "Belgica",
        "nomePaisInt": "Belgium",
        "sigla": "BE"
    }, {
        "gentilico": "belizenha",
        "nomePais": "Belize",
        "nomePaisInt": "Belize",
        "sigla": "BZ"
    }, {
        "gentilico": "beninense",
        "nomePais": "Benin",
        "nomePaisInt": "Benin",
        "sigla": "BJ"
    }, {
        "gentilico": "bermudiana",
        "nomePais": "Bermudas",
        "nomePaisInt": "Bermuda",
        "sigla": "BM"
    }, {
        "gentilico": "boliviana",
        "nomePais": "Bolivia",
        "nomePaisInt": "Bolivia",
        "sigla": "BO"
    }, {
        "gentilico": "bosnia",
        "nomePais": "Bosnia-Herzegovina",
        "nomePaisInt": "Bosnia&Herzegovina",
        "sigla": "BA"
    }, {
        "gentilico": "betchuana",
        "nomePais": "Botsuana",
        "nomePaisInt": "Botswana",
        "sigla": "BW"
    }, {
        "gentilico": "brasileira",
        "nomePais": "Brasil",
        "nomePaisInt": "Brazil",
        "sigla": "BR"
    }, {
        "gentilico": "bruneiana",
        "nomePais": "Brunei",
        "nomePaisInt": "Brunei",
        "sigla": "BN"
    }, {
        "gentilico": "bulgara",
        "nomePais": "Bulgaria",
        "nomePaisInt": "Bulgaria",
        "sigla": "BG"
    }, {
        "gentilico": "burquines",
        "nomePais": "BurkinaFasso",
        "nomePaisInt": "BurkinaFaso",
        "sigla": "BF"
    }, {
        "gentilico": "burundinesa",
        "nomePais": "Burundi",
        "nomePaisInt": "Burundi",
        "sigla": "BI"
    }, {
        "gentilico": "butanesa",
        "nomePais": "Butao",
        "nomePaisInt": "Bhutan",
        "sigla": "BT"
    }, {
        "gentilico": "cabo-verdiana",
        "nomePais": "CaboVerde",
        "nomePaisInt": "CapeVerde",
        "sigla": "CV"
    }, {
        "gentilico": "camaronesa",
        "nomePais": "Camaroes",
        "nomePaisInt": "Cameroon",
        "sigla": "CM"
    }, {
        "gentilico": "cambojana",
        "nomePais": "Camboja",
        "nomePaisInt": "Cambodia",
        "sigla": "KH"
    }, {
        "gentilico": "canadense",
        "nomePais": "Canada",
        "nomePaisInt": "Canada",
        "sigla": "CA"
    }, {
        "gentilico": "canario",
        "nomePais": "Canarias",
        "nomePaisInt": "CanaryIslands",
        "sigla": "IC"
    }, {
        "gentilico": "cazaque",
        "nomePais": "Cazaquistao",
        "nomePaisInt": "Kazakhstan",
        "sigla": "KZ"
    }, {
        "gentilico": "deceutaemelilla",
        "nomePais": "CeutaeMelilla",
        "nomePaisInt": "Ceuta&Melilla",
        "sigla": "EA"
    }, {
        "gentilico": "chadiana",
        "nomePais": "Chade",
        "nomePaisInt": "Chad",
        "sigla": "TD"
    }, {
        "gentilico": "chilena",
        "nomePais": "Chile",
        "nomePaisInt": "Chile",
        "sigla": "CL"
    }, {
        "gentilico": "chinesa",
        "nomePais": "China",
        "nomePaisInt": "China",
        "sigla": "CN"
    }, {
        "gentilico": "cipriota",
        "nomePais": "Chipre",
        "nomePaisInt": "Cyprus",
        "sigla": "CY"
    }, {
        "gentilico": "cingapuriana",
        "nomePais": "Cingapura",
        "nomePaisInt": "Singapore",
        "sigla": "SG"
    }, {
        "gentilico": "colombiana",
        "nomePais": "Colombia",
        "nomePaisInt": "Colombia",
        "sigla": "CO"
    }, {
        "gentilico": "comorense",
        "nomePais": "Comores",
        "nomePaisInt": "Comoros",
        "sigla": "KM"
    }, {
        "gentilico": "congolesa",
        "nomePais": "Congo",
        "nomePaisInt": "Congo(Republic)",
        "sigla": "CG"
    }, {
        "gentilico": "norte-coreano",
        "nomePais": "CoreiadoNorte",
        "nomePaisInt": "NorthKorea",
        "sigla": "KP"
    }, {
        "gentilico": "norte-coreana",
        "nomePais": "CoreiadoSul",
        "nomePaisInt": "SouthKorea",
        "sigla": "KR"
    }, {
        "gentilico": "marfinense",
        "nomePais": "CostadoMarfim",
        "nomePaisInt": "Coted¿Ivoire",
        "sigla": "CI"
    }, {
        "gentilico": "costarriquenha",
        "nomePais": "CostaRica",
        "nomePaisInt": "CostaRica",
        "sigla": "CR"
    }, {
        "gentilico": "croata",
        "nomePais": "Croacia",
        "nomePaisInt": "Croatia",
        "sigla": "HR"
    }, {
        "gentilico": "cubana",
        "nomePais": "Cuba",
        "nomePaisInt": "Cuba",
        "sigla": "CU"
    }, {
        "gentilico": "curacauense",
        "nomePais": "Curacao",
        "nomePaisInt": "Curacao",
        "sigla": "CW"
    }, {
        "gentilico": "chagositano",
        "nomePais": "DiegoGarcia",
        "nomePaisInt": "DiegoGarcia",
        "sigla": "DG"
    }, {
        "gentilico": "dinamarquesa",
        "nomePais": "Dinamarca",
        "nomePaisInt": "Denmark",
        "sigla": "DK"
    }, {
        "gentilico": "djibutiana",
        "nomePais": "Djibuti",
        "nomePaisInt": "Djibouti",
        "sigla": "DJ"
    }, {
        "gentilico": "dominiquense",
        "nomePais": "Dominica",
        "nomePaisInt": "Dominica",
        "sigla": "DM"
    }, {
        "gentilico": "egipcia",
        "nomePais": "Egito",
        "nomePaisInt": "Egypt",
        "sigla": "EG"
    }, {
        "gentilico": "salvadorenha",
        "nomePais": "ElSalvador",
        "nomePaisInt": "ElSalvador",
        "sigla": "SV"
    }, {
        "gentilico": "arabe",
        "nomePais": "EmiradosarabesUnidos",
        "nomePaisInt": "UnitedArabEmirates",
        "sigla": "AE"
    }, {
        "gentilico": "equatoriana",
        "nomePais": "Equador",
        "nomePaisInt": "Ecuador",
        "sigla": "EC"
    }, {
        "gentilico": "eritreia",
        "nomePais": "Eritreia",
        "nomePaisInt": "Eritrea",
        "sigla": "ER"
    }, {
        "gentilico": "eslovaco",
        "nomePais": "Eslovaquia",
        "nomePaisInt": "Slovakia",
        "sigla": "SK"
    }, {
        "gentilico": "esloveno",
        "nomePais": "Eslovenia",
        "nomePaisInt": "Slovenia",
        "sigla": "SI"
    }, {
        "gentilico": "espanhola",
        "nomePais": "Espanha",
        "nomePaisInt": "Spain",
        "sigla": "ES"
    },
    {
        "gentilico": "norte-americana",
        "nomePais": "Estados Unidos",
        "nomePaisInt": "US",
        "sigla": "US"
    },
    {
        "gentilico": "estoniana",
        "nomePais": "Estonia",
        "nomePaisInt": "Estonia",
        "sigla": "EE"
    }, {
        "gentilico": "etiope",
        "nomePais": "Etiopia",
        "nomePaisInt": "Ethiopia",
        "sigla": "ET"
    }, {
        "gentilico": "fijiana",
        "nomePais": "Fiji",
        "nomePaisInt": "Fiji",
        "sigla": "FJ"
    }, {
        "gentilico": "filipina",
        "nomePais": "Filipinas",
        "nomePaisInt": "Philippines",
        "sigla": "PH"
    }, {
        "gentilico": "finlandesa",
        "nomePais": "Finlandia",
        "nomePaisInt": "Finland",
        "sigla": "FI"
    }, {
        "gentilico": "francesa",
        "nomePais": "Franca",
        "nomePaisInt": "France",
        "sigla": "FR"
    }, {
        "gentilico": "gabonesa",
        "nomePais": "Gabao",
        "nomePaisInt": "Gabon",
        "sigla": "GA"
    }, {
        "gentilico": "gambiana",
        "nomePais": "Gambia",
        "nomePaisInt": "Gambia",
        "sigla": "GM"
    }, {
        "gentilico": "ganense",
        "nomePais": "Gana",
        "nomePaisInt": "Ghana",
        "sigla": "GH"
    }, {
        "gentilico": "georgiana",
        "nomePais": "Georgia",
        "nomePaisInt": "Georgia",
        "sigla": "GE"
    }, {
        "gentilico": "gibraltariana",
        "nomePais": "Gibraltar",
        "nomePaisInt": "Gibraltar",
        "sigla": "GI"
    }, {
        "gentilico": "inglesa",
        "nomePais": "Gra-Bretanha(ReinoUnido,UK)",
        "nomePaisInt": "UnitedKingdom",
        "sigla": "GB"
    }, {
        "gentilico": "granadina",
        "nomePais": "Granada",
        "nomePaisInt": "Grenada",
        "sigla": "GD"
    }, {
        "gentilico": "grega",
        "nomePais": "Grecia",
        "nomePaisInt": "Greece",
        "sigla": "GR"
    }, {
        "gentilico": "groenlandesa",
        "nomePais": "Groelandia",
        "nomePaisInt": "Greenland",
        "sigla": "GL"
    }, {
        "gentilico": "guadalupense",
        "nomePais": "Guadalupe",
        "nomePaisInt": "Guadeloupe",
        "sigla": "GP"
    }, {
        "gentilico": "guames",
        "nomePais": "Guam(TerritoriodosEstadosUnidos)",
        "nomePaisInt": "Guam",
        "sigla": "GU"
    }, {
        "gentilico": "guatemalteca",
        "nomePais": "Guatemala",
        "nomePaisInt": "Guatemala",
        "sigla": "GT"
    }, {
        "gentilico": "guernesiano",
        "nomePais": "Guernsey",
        "nomePaisInt": "Guernsey",
        "sigla": "GG"
    }, {
        "gentilico": "guianense",
        "nomePais": "Guiana",
        "nomePaisInt": "Guyana",
        "sigla": "GY"
    }, {
        "gentilico": "franco-guianense",
        "nomePais": "GuianaFrancesa",
        "nomePaisInt": "FrenchGuiana",
        "sigla": "GF"
    }, {
        "gentilico": "guineu-equatorianoouequatoguineana",
        "nomePais": "Guine",
        "nomePaisInt": "Guinea",
        "sigla": "GN"
    }, {
        "gentilico": "guineu-equatoriano",
        "nomePais": "GuineEquatorial",
        "nomePaisInt": "EquatorialGuinea",
        "sigla": "GQ"
    }, {
        "gentilico": "guineense",
        "nomePais": "Guine-Bissau",
        "nomePaisInt": "Guinea-Bissau",
        "sigla": "GW"
    }, {
        "gentilico": "haitiana",
        "nomePais": "Haiti",
        "nomePaisInt": "Haiti",
        "sigla": "HT"
    }, {
        "gentilico": "holandes",
        "nomePais": "Holanda",
        "nomePaisInt": "Netherlands",
        "sigla": "NL"
    }, {
        "gentilico": "hondurenha",
        "nomePais": "Honduras",
        "nomePaisInt": "Honduras",
        "sigla": "HN"
    }, {
        "gentilico": "hong-konguianaouchinesa",
        "nomePais": "HongKong",
        "nomePaisInt": "HongKong",
        "sigla": "HK"
    }, {
        "gentilico": "hungara",
        "nomePais": "Hungria",
        "nomePaisInt": "Hungary",
        "sigla": "HU"
    }, {
        "gentilico": "iemenita",
        "nomePais": "Iemen",
        "nomePaisInt": "Yemen",
        "sigla": "YE"
    }, {
        "gentilico": "dailhabouvet",
        "nomePais": "IlhaBouvet",
        "nomePaisInt": "BouvetIsland",
        "sigla": "BV"
    }, {
        "gentilico": "dailhadeascensao",
        "nomePais": "IlhadeAscensao",
        "nomePaisInt": "AscensionIsland",
        "sigla": "AC"
    }, {
        "gentilico": "dailhadeclipperton",
        "nomePais": "IlhadeClipperton",
        "nomePaisInt": "ClippertonIsland",
        "sigla": "CP"
    }, {
        "gentilico": "manes",
        "nomePais": "IlhadeMan",
        "nomePaisInt": "IsleofMan",
        "sigla": "IM"
    }, {
        "gentilico": "natalense",
        "nomePais": "IlhaNatal",
        "nomePaisInt": "ChristmasIsland",
        "sigla": "CX"
    }, {
        "gentilico": "pitcairnense",
        "nomePais": "IlhaPitcairn",
        "nomePaisInt": "PitcairnIslands",
        "sigla": "PN"
    }, {
        "gentilico": "reunionense",
        "nomePais": "IlhaReuniao",
        "nomePaisInt": "Reunion",
        "sigla": "RE"
    }, {
        "gentilico": "alandes",
        "nomePais": "IlhasAland",
        "nomePaisInt": "ÅlandIslands",
        "sigla": "AX"
    }, {
        "gentilico": "caimanes",
        "nomePais": "IlhasCayman",
        "nomePaisInt": "CaymanIslands",
        "sigla": "KY"
    }, {
        "gentilico": "coquense",
        "nomePais": "IlhasCocos",
        "nomePaisInt": "Cocos(Keeling)Islands",
        "sigla": "CC"
    }, {
        "gentilico": "cookense",
        "nomePais": "IlhasCook",
        "nomePaisInt": "CookIslands",
        "sigla": "CK"
    }, {
        "gentilico": "faroense",
        "nomePais": "IlhasFaroes",
        "nomePaisInt": "FaroeIslands",
        "sigla": "FO"
    }, {
        "gentilico": "dasilhasgeorgiadosulesandwichdosul",
        "nomePais": "IlhasGeorgiadoSuleSandwichdoSul",
        "nomePaisInt": "SouthGeorgia&SouthSandwichIslands",
        "sigla": "GS"
    }, {
        "gentilico": "dasilhasheardemcdonald",
        "nomePais": "IlhasHeardeMcDonald(TerritoriodaAustralia)",
        "nomePaisInt": "Heard&McDonaldIslands",
        "sigla": "HM"
    }, {
        "gentilico": "malvinense",
        "nomePais": "IlhasMalvinas",
        "nomePaisInt": "FalklandIslands(IslasMalvinas)",
        "sigla": "FK"
    }, {
        "gentilico": "norte-marianense",
        "nomePais": "IlhasMarianasdoNorte",
        "nomePaisInt": "NorthernMarianaIslands",
        "sigla": "MP"
    }, {
        "gentilico": "marshallino",
        "nomePais": "IlhasMarshall",
        "nomePaisInt": "MarshallIslands",
        "sigla": "MH"
    }, {
        "gentilico": "dasilhasmenoresafastadas",
        "nomePais": "IlhasMenoresdosEstadosUnidos",
        "nomePaisInt": "U.S.OutlyingIslands",
        "sigla": "UM"
    }, {
        "gentilico": "norfolquino",
        "nomePais": "IlhasNorfolk",
        "nomePaisInt": "NorfolkIsland",
        "sigla": "NF"
    }, {
        "gentilico": "salomonico",
        "nomePais": "IlhasSalomao",
        "nomePaisInt": "SolomonIslands",
        "sigla": "SB"
    }, {
        "gentilico": "seichelense",
        "nomePais": "IlhasSeychelles",
        "nomePaisInt": "Seychelles",
        "sigla": "SC"
    }, {
        "gentilico": "toquelauano",
        "nomePais": "IlhasTokelau",
        "nomePaisInt": "Tokelau",
        "sigla": "TK"
    }, {
        "gentilico": "turques",
        "nomePais": "IlhasTurkseCaicos",
        "nomePaisInt": "Turks&CaicosIslands",
        "sigla": "TC"
    }, {
        "gentilico": "virginense",
        "nomePais": "IlhasVirgens(EstadosUnidos)",
        "nomePaisInt": "U.S.VirginIslands",
        "sigla": "VI"
    }, {
        "gentilico": "virginense",
        "nomePais": "IlhasVirgens(Inglaterra)",
        "nomePaisInt": "BritishVirginIslands",
        "sigla": "VG"
    }, {
        "gentilico": "indiano",
        "nomePais": "india",
        "nomePaisInt": "India",
        "sigla": "IN"
    }, {
        "gentilico": "indonesia",
        "nomePais": "Indonesia",
        "nomePaisInt": "Indonesia",
        "sigla": "ID"
    }, {
        "gentilico": "iraniano",
        "nomePais": "Ira",
        "nomePaisInt": "Iran",
        "sigla": "IR"
    }, {
        "gentilico": "iraquiana",
        "nomePais": "Iraque",
        "nomePaisInt": "Iraq",
        "sigla": "IQ"
    }, {
        "gentilico": "irlandesa",
        "nomePais": "Irlanda",
        "nomePaisInt": "Ireland",
        "sigla": "IE"
    }, {
        "gentilico": "islandesa",
        "nomePais": "Islandia",
        "nomePaisInt": "Iceland",
        "sigla": "IS"
    }, {
        "gentilico": "israelense",
        "nomePais": "Israel",
        "nomePaisInt": "Israel",
        "sigla": "IL"
    }, {
        "gentilico": "italiana",
        "nomePais": "Italia",
        "nomePaisInt": "Italy",
        "sigla": "IT"
    }, {
        "gentilico": "jamaicana",
        "nomePais": "Jamaica",
        "nomePaisInt": "Jamaica",
        "sigla": "JM"
    }, {
        "gentilico": "japonesa",
        "nomePais": "Japao",
        "nomePaisInt": "Japan",
        "sigla": "JP"
    }, {
        "gentilico": "canalina",
        "nomePais": "Jersey",
        "nomePaisInt": "Jersey",
        "sigla": "JE"
    }, {
        "gentilico": "jordaniana",
        "nomePais": "Jordania",
        "nomePaisInt": "Jordan",
        "sigla": "JO"
    }, {
        "gentilico": "kiribatiana",
        "nomePais": "Kiribati",
        "nomePaisInt": "Kiribati",
        "sigla": "KI"
    }, {
        "gentilico": "kosovar",
        "nomePais": "Kosovo",
        "nomePaisInt": "Kosovo",
        "sigla": "XK"
    }, {
        "gentilico": "kuwaitiano",
        "nomePais": "Kuait",
        "nomePaisInt": "Kuwait",
        "sigla": "KW"
    }, {
        "gentilico": "laosiana",
        "nomePais": "Laos",
        "nomePaisInt": "Laos",
        "sigla": "LA"
    }, {
        "gentilico": "lesota",
        "nomePais": "Lesoto",
        "nomePaisInt": "Lesotho",
        "sigla": "LS"
    }, {
        "gentilico": "letao",
        "nomePais": "Letonia",
        "nomePaisInt": "Latvia",
        "sigla": "LV"
    }, {
        "gentilico": "libanesa",
        "nomePais": "Libano",
        "nomePaisInt": "Lebanon",
        "sigla": "LB"
    }, {
        "gentilico": "liberiana",
        "nomePais": "Liberia",
        "nomePaisInt": "Liberia",
        "sigla": "LR"
    }, {
        "gentilico": "libia",
        "nomePais": "Libia",
        "nomePaisInt": "Libya",
        "sigla": "LY"
    }, {
        "gentilico": "liechtensteiniense",
        "nomePais": "Liechtenstein",
        "nomePaisInt": "Liechtenstein",
        "sigla": "LI"
    }, {
        "gentilico": "lituana",
        "nomePais": "Lituania",
        "nomePaisInt": "Lithuania",
        "sigla": "LT"
    }, {
        "gentilico": "luxemburguesa",
        "nomePais": "Luxemburgo",
        "nomePaisInt": "Luxembourg",
        "sigla": "LU"
    }, {
        "gentilico": "macauense",
        "nomePais": "Macau",
        "nomePaisInt": "Macau",
        "sigla": "MO"
    }, {
        "gentilico": "macedonio",
        "nomePais": "Macedonia(RepublicaYugoslava)",
        "nomePaisInt": "Macedonia(FYROM)",
        "sigla": "MK"
    }, {
        "gentilico": "malgaxe",
        "nomePais": "Madagascar",
        "nomePaisInt": "Madagascar",
        "sigla": "MG"
    }, {
        "gentilico": "malaia",
        "nomePais": "Malasia",
        "nomePaisInt": "Malaysia",
        "sigla": "MY"
    }, {
        "gentilico": "malauiano",
        "nomePais": "Malaui",
        "nomePaisInt": "Malawi",
        "sigla": "MW"
    }, {
        "gentilico": "maldivia",
        "nomePais": "Maldivas",
        "nomePaisInt": "Maldives",
        "sigla": "MV"
    }, {
        "gentilico": "malinesa",
        "nomePais": "Mali",
        "nomePaisInt": "Mali",
        "sigla": "ML"
    }, {
        "gentilico": "maltesa",
        "nomePais": "Malta",
        "nomePaisInt": "Malta",
        "sigla": "MT"
    }, {
        "gentilico": "marroquina",
        "nomePais": "Marrocos",
        "nomePaisInt": "Morocco",
        "sigla": "MA"
    }, {
        "gentilico": "martiniquense",
        "nomePais": "Martinica",
        "nomePaisInt": "Martinique",
        "sigla": "MQ"
    }, {
        "gentilico": "mauriciana",
        "nomePais": "Mauricio",
        "nomePaisInt": "Mauritius",
        "sigla": "MU"
    }, {
        "gentilico": "mauritana",
        "nomePais": "Mauritania",
        "nomePaisInt": "Mauritania",
        "sigla": "MR"
    }, {
        "gentilico": "maiotense",
        "nomePais": "Mayotte",
        "nomePaisInt": "Mayotte",
        "sigla": "YT"
    }, {
        "gentilico": "mexicana",
        "nomePais": "Mexico",
        "nomePaisInt": "Mexico",
        "sigla": "MX"
    }, {
        "gentilico": "micronesia",
        "nomePais": "Micronesia",
        "nomePaisInt": "Micronesia",
        "sigla": "FM"
    }, {
        "gentilico": "mocambicana",
        "nomePais": "Mocambique",
        "nomePaisInt": "Mozambique",
        "sigla": "MZ"
    }, {
        "gentilico": "moldavo",
        "nomePais": "Moldova",
        "nomePaisInt": "Moldova",
        "sigla": "MD"
    }, {
        "gentilico": "monegasca",
        "nomePais": "Monaco",
        "nomePaisInt": "Monaco",
        "sigla": "MC"
    }, {
        "gentilico": "mongol",
        "nomePais": "Mongolia",
        "nomePaisInt": "Mongolia",
        "sigla": "MN"
    }, {
        "gentilico": "montenegra",
        "nomePais": "Montenegro",
        "nomePaisInt": "Montenegro",
        "sigla": "ME"
    }, {
        "gentilico": "montserratiano",
        "nomePais": "Montserrat",
        "nomePaisInt": "Montserrat",
        "sigla": "MS"
    }, {
        "gentilico": "birmanes",
        "nomePais": "Myanma",
        "nomePaisInt": "Myanmar(Burma)",
        "sigla": "MM"
    }, {
        "gentilico": "namibia",
        "nomePais": "Namibia",
        "nomePaisInt": "Namibia",
        "sigla": "NA"
    }, {
        "gentilico": "nauruana",
        "nomePais": "Nauru",
        "nomePaisInt": "Nauru",
        "sigla": "NR"
    }, {
        "gentilico": "nepalesa",
        "nomePais": "Nepal",
        "nomePaisInt": "Nepal",
        "sigla": "NP"
    }, {
        "gentilico": "nicaraguense",
        "nomePais": "Nicaragua",
        "nomePaisInt": "Nicaragua",
        "sigla": "NI"
    }, {
        "gentilico": "nigerina",
        "nomePais": "Niger",
        "nomePaisInt": "Niger",
        "sigla": "NE"
    }, {
        "gentilico": "nigeriana",
        "nomePais": "Nigeria",
        "nomePaisInt": "Nigeria",
        "sigla": "NG"
    }, {
        "gentilico": "niueana",
        "nomePais": "Niue",
        "nomePaisInt": "Niue",
        "sigla": "NU"
    }, {
        "gentilico": "norueguesa",
        "nomePais": "Noruega",
        "nomePaisInt": "Norway",
        "sigla": "NO"
    }, {
        "gentilico": "caledonia",
        "nomePais": "NovaCaledonia",
        "nomePaisInt": "NewCaledonia",
        "sigla": "NC"
    }, {
        "gentilico": "neozelandesa",
        "nomePais": "NovaZelandia",
        "nomePaisInt": "NewZealand",
        "sigla": "NZ"
    }, {
        "gentilico": "omani",
        "nomePais": "Oma",
        "nomePaisInt": "Oman",
        "sigla": "OM"
    }, {
        "gentilico": "dospaisesbaixoscaribenhos",
        "nomePais": "PaisesBaixosCaribenhos",
        "nomePaisInt": "CaribbeanNetherlands",
        "sigla": "BQ"
    }, {
        "gentilico": "palauense",
        "nomePais": "Palau",
        "nomePaisInt": "Palau",
        "sigla": "PW"
    }, {
        "gentilico": "palestino",
        "nomePais": "Palestina",
        "nomePaisInt": "Palestine",
        "sigla": "PS"
    }, {
        "gentilico": "zonadocanaldopanama",
        "nomePais": "Panama",
        "nomePaisInt": "Panama",
        "sigla": "PA"
    }, {
        "gentilico": "pauasia",
        "nomePais": "Papua-NovaGuine",
        "nomePaisInt": "PapuaNewGuinea",
        "sigla": "PG"
    }, {
        "gentilico": "paquistanesa",
        "nomePais": "Paquistao",
        "nomePaisInt": "Pakistan",
        "sigla": "PK"
    }, {
        "gentilico": "paraguaia",
        "nomePais": "Paraguai",
        "nomePaisInt": "Paraguay",
        "sigla": "PY"
    }, {
        "gentilico": "peruana",
        "nomePais": "Peru",
        "nomePaisInt": "Peru",
        "sigla": "PE"
    }, {
        "gentilico": "franco-polinesia",
        "nomePais": "PolinesiaFrancesa",
        "nomePaisInt": "FrenchPolynesia",
        "sigla": "PF"
    }, {
        "gentilico": "polonesa",
        "nomePais": "Polonia",
        "nomePaisInt": "Poland",
        "sigla": "PL"
    }, {
        "gentilico": "portorriquenha",
        "nomePais": "PortoRico",
        "nomePaisInt": "PuertoRico",
        "sigla": "PR"
    }, {
        "gentilico": "portuguesa",
        "nomePais": "Portugal",
        "nomePaisInt": "Portugal",
        "sigla": "PT"
    }, {
        "gentilico": "catarense",
        "nomePais": "Qatar",
        "nomePaisInt": "Qatar",
        "sigla": "QA"
    }, {
        "gentilico": "queniano",
        "nomePais": "Quenia",
        "nomePaisInt": "Kenya",
        "sigla": "KE"
    }, {
        "gentilico": "quirguiz",
        "nomePais": "Quirguistao",
        "nomePaisInt": "Kyrgyzstan",
        "sigla": "KG"
    }, {
        "gentilico": "centro-africana",
        "nomePais": "RepublicaCentro-Africana",
        "nomePaisInt": "CentralAfricanRepublic",
        "sigla": "CF"
    }, {
        "gentilico": "congolesa",
        "nomePais": "RepublicaDemocraticadoCongo",
        "nomePaisInt": "Congo(DRC)",
        "sigla": "CD"
    }, {
        "gentilico": "dominicana",
        "nomePais": "RepublicaDominicana",
        "nomePaisInt": "DominicanRepublic",
        "sigla": "DO"
    }, {
        "gentilico": "tcheco",
        "nomePais": "RepublicaTcheca",
        "nomePaisInt": "CzechRepublic",
        "sigla": "CZ"
    }, {
        "gentilico": "romena",
        "nomePais": "Romenia",
        "nomePaisInt": "Romania",
        "sigla": "RO"
    }, {
        "gentilico": "ruandesa",
        "nomePais": "Ruanda",
        "nomePaisInt": "Rwanda",
        "sigla": "RW"
    }, {
        "gentilico": "russa",
        "nomePais": "Russia(antigaURSS)-FederacaoRussa",
        "nomePaisInt": "Russia",
        "sigla": "RU"
    }, {
        "gentilico": "saariano",
        "nomePais": "SaaraOcidental",
        "nomePaisInt": "WesternSahara",
        "sigla": "EH"
    }, {
        "gentilico": "pedro-miquelonense",
        "nomePais": "Saint-PierreeMiquelon",
        "nomePaisInt": "St.Pierre&Miquelon",
        "sigla": "PM"
    }, {
        "gentilico": "samoana",
        "nomePais": "SamoaAmericana",
        "nomePaisInt": "AmericanSamoa",
        "sigla": "AS"
    }, {
        "gentilico": "samoano",
        "nomePais": "SamoaOcidental",
        "nomePaisInt": "Samoa",
        "sigla": "WS"
    }, {
        "gentilico": "samarines",
        "nomePais": "SanMarino",
        "nomePaisInt": "SanMarino",
        "sigla": "SM"
    }, {
        "gentilico": "helenense",
        "nomePais": "SantaHelena",
        "nomePaisInt": "St.Helena",
        "sigla": "SH"
    }, {
        "gentilico": "santa-lucense",
        "nomePais": "SantaLucia",
        "nomePaisInt": "St.Lucia",
        "sigla": "LC"
    }, {
        "gentilico": "sao-bartolomeense",
        "nomePais": "SaoBartolomeu",
        "nomePaisInt": "St.Barthelemy",
        "sigla": "BL"
    }, {
        "gentilico": "sao-cristovense",
        "nomePais": "SaoCristovaoeNevis",
        "nomePaisInt": "St.Kitts&Nevis",
        "sigla": "KN"
    }, {
        "gentilico": "sao-martinhense",
        "nomePais": "SaoMartim",
        "nomePaisInt": "St.Martin",
        "sigla": "MF"
    }, {
        "gentilico": "sao-martinhense",
        "nomePais": "SaoMartinho",
        "nomePaisInt": "SintMaarten",
        "sigla": "SX"
    }, {
        "gentilico": "sao-tomense",
        "nomePais": "SaoTomeePrincipe",
        "nomePaisInt": "SaoTome&Principe",
        "sigla": "ST"
    }, {
        "gentilico": "sao-vicentino",
        "nomePais": "SaoVicenteeGranadinas",
        "nomePaisInt": "St.Vincent&Grenadines",
        "sigla": "VC"
    }, {
        "gentilico": "senegalesa",
        "nomePais": "Senegal",
        "nomePaisInt": "Senegal",
        "sigla": "SN"
    }, {
        "gentilico": "leonesa",
        "nomePais": "SerraLeoa",
        "nomePaisInt": "SierraLeone",
        "sigla": "SL"
    }, {
        "gentilico": "servia",
        "nomePais": "Servia",
        "nomePaisInt": "Serbia",
        "sigla": "RS"
    }, {
        "gentilico": "siria",
        "nomePais": "Siria",
        "nomePaisInt": "Syria",
        "sigla": "SY"
    }, {
        "gentilico": "somali",
        "nomePais": "Somalia",
        "nomePaisInt": "Somalia",
        "sigla": "SO"
    }, {
        "gentilico": "cingalesa",
        "nomePais": "SriLanka",
        "nomePaisInt": "SriLanka",
        "sigla": "LK"
    }, {
        "gentilico": "suazi",
        "nomePais": "Suazilandia",
        "nomePaisInt": "Swaziland",
        "sigla": "SZ"
    }, {
        "gentilico": "sudanesa",
        "nomePais": "Sudao",
        "nomePaisInt": "Sudan",
        "sigla": "SD"
    }, {
        "gentilico": "sul-sudanes",
        "nomePais": "SudaodoSul",
        "nomePaisInt": "SouthSudan",
        "sigla": "SS"
    }, {
        "gentilico": "sueca",
        "nomePais": "Suecia",
        "nomePaisInt": "Sweden",
        "sigla": "SE"
    }, {
        "gentilico": "suica",
        "nomePais": "Suica",
        "nomePaisInt": "Switzerland",
        "sigla": "CH"
    }, {
        "gentilico": "surinamesa",
        "nomePais": "Suriname",
        "nomePaisInt": "Suriname",
        "sigla": "SR"
    }, {
        "gentilico": "svalbardense",
        "nomePais": "Svalbard",
        "nomePaisInt": "Svalbard&JanMayen",
        "sigla": "SJ"
    }, {
        "gentilico": "tadjique",
        "nomePais": "Tadjiquistao",
        "nomePaisInt": "Tajikistan",
        "sigla": "TJ"
    }, {
        "gentilico": "tailandesa",
        "nomePais": "Tailandia",
        "nomePaisInt": "Thailand",
        "sigla": "TH"
    }, {
        "gentilico": "taiwanes",
        "nomePais": "Taiwan",
        "nomePaisInt": "Taiwan",
        "sigla": "TW"
    }, {
        "gentilico": "tanzaniana",
        "nomePais": "Tanzania",
        "nomePaisInt": "Tanzania",
        "sigla": "TZ"
    }, {
        "gentilico": "doterritoriobritanicodooceanoindico",
        "nomePais": "TerritorioBritanicodoOceanoindico",
        "nomePaisInt": "BritishIndianOceanTerritory",
        "sigla": "IO"
    }, {
        "gentilico": "doterritoriosdosuldafranca",
        "nomePais": "TerritoriosdoSuldaFranca",
        "nomePaisInt": "FrenchSouthernTerritories",
        "sigla": "TF"
    }, {
        "gentilico": "timorense",
        "nomePais": "Timor-Leste",
        "nomePaisInt": "Timor-Leste",
        "sigla": "TL"
    }, {
        "gentilico": "togolesa",
        "nomePais": "Togo",
        "nomePaisInt": "Togo",
        "sigla": "TG"
    }, {
        "gentilico": "tonganesa",
        "nomePais": "Tonga",
        "nomePaisInt": "Tonga",
        "sigla": "TO"
    }, {
        "gentilico": "trinitario-tobagense",
        "nomePais": "TrinidadeTobago",
        "nomePaisInt": "Trinidad&Tobago",
        "sigla": "TT"
    }, {
        "gentilico": "tristanita",
        "nomePais": "TristaodaCunha",
        "nomePaisInt": "TristandaCunha",
        "sigla": "TA"
    }, {
        "gentilico": "tunisiana",
        "nomePais": "Tunisia",
        "nomePaisInt": "Tunisia",
        "sigla": "TN"
    }, {
        "gentilico": "turcomana",
        "nomePais": "Turcomenistao",
        "nomePaisInt": "Turkmenistan",
        "sigla": "TM"
    }, {
        "gentilico": "turca",
        "nomePais": "Turquia",
        "nomePaisInt": "Turkey",
        "sigla": "TR"
    }, {
        "gentilico": "tuvaluana",
        "nomePais": "Tuvalu",
        "nomePaisInt": "Tuvalu",
        "sigla": "TV"
    }, {
        "gentilico": "ucraniana",
        "nomePais": "Ucrania",
        "nomePaisInt": "Ukraine",
        "sigla": "UA"
    }, {
        "gentilico": "ugandense",
        "nomePais": "Uganda",
        "nomePaisInt": "Uganda",
        "sigla": "UG"
    }, {
        "gentilico": "uruguaia",
        "nomePais": "Uruguai",
        "nomePaisInt": "Uruguay",
        "sigla": "UY"
    }, {
        "gentilico": "uzbeque",
        "nomePais": "Uzbequistao",
        "nomePaisInt": "Uzbekistan",
        "sigla": "UZ"
    }, {
        "gentilico": "vanuatuense",
        "nomePais": "Vanuatu",
        "nomePaisInt": "Vanuatu",
        "sigla": "VU"
    }, {
        "gentilico": "vaticano",
        "nomePais": "Vaticano",
        "nomePaisInt": "VaticanCity",
        "sigla": "VA"
    }, {
        "gentilico": "venezuelana",
        "nomePais": "Venezuela",
        "nomePaisInt": "Venezuela",
        "sigla": "VE"
    }, {
        "gentilico": "vietnamita",
        "nomePais": "Vietna",
        "nomePaisInt": "Vietnam",
        "sigla": "VN"
    }, {
        "gentilico": "wallis-futunense",
        "nomePais": "WalliseFutuna",
        "nomePaisInt": "Wallis&Futuna",
        "sigla": "WF"
    }, {
        "gentilico": "zambiana",
        "nomePais": "Zambia",
        "nomePaisInt": "Zambia",
        "sigla": "ZM"
    }, {
        "gentilico": "zimbabuana",
        "nomePais": "Zimbabue",
        "nomePaisInt": "Zimbabwe",
        "sigla": "ZW"
    }
]
